,bestfitness,mean_allfitness,time,gen,best_found
0,218.0,211.1798,5.220529556274414,0.0,
1,218.0,213.5774,6.5325223207473755,1.0,
2,218.0,215.4715,8.8608238697052,2.0,
3,,,,,218.0
