,run,gen,bestfitness,mean_allfitness,time,best_found
0,3.0,0.0,219.0,204.6858,2.7656280994415283,
1,3.0,1.0,219.0,206.3604,3.9557459354400635,
2,3.0,2.0,221.0,207.699,6.8485212326049805,
3,3.0,3.0,223.0,209.062,7.198512315750122,
4,3.0,4.0,223.0,210.347,10.81743335723877,
5,,,,,,223.0
