,bestfitness,mean_allfitness,time,gen,best_found
0,219.0,201.8159,4.737460255622864,0.0,
1,219.0,201.6467,5.70460307598114,1.0,
2,219.0,201.07979999999998,6.7112205028533936,2.0,
3,,,,,220.0
